{
    "task": "transcribe",
    "language": "english",
    "duration": 31.780000686645508,
    "text": "THE RAVEN by Edgar Allan Poe Once upon a midnight dreary, While I pondered, weak and weary, Over many a quaint and curious volume Of forgotten lore. While I nodded, nearly napping, Suddenly there came a tapping, As of someone gently rapping, Rapping at my chamber door. \"'Tis some visitor,\" I muttered, Tapping at my chamber door. Only this, and nothing more.",
    "segments": [
      {
        "id": 0,
        "seek": 0,
        "start": 0.0,
        "end": 4.71999979019165,
        "text": " THE RAVEN by Edgar Allan Poe",
        "tokens": [
          50364,
          5663,
          14626,
          29016,
          538,
          42981,
          45902,
          6165,
          68,
          50600
        ],
        "temperature": 0.0,
        "avg_logprob": -0.35537683963775635,
        "compression_ratio": 1.5420560836791992,
        "no_speech_prob": 0.06522621214389801
      },
      {
        "id": 1,
        "seek": 0,
        "start": 4.71999979019165,
        "end": 9.720000267028809,
        "text": " Once upon a midnight dreary, While I pondered, weak and weary,",
        "tokens": [
          50600,
          3443,
          3564,
          257,
          19006,
          22540,
          822,
          11,
          3987,
          286,
          17384,
          4073,
          11,
          5336,
          293,
          47853,
          11,
          50850
        ],
        "temperature": 0.0,
        "avg_logprob": -0.35537683963775635,
        "compression_ratio": 1.5420560836791992,
        "no_speech_prob": 0.06522621214389801
      },
      {
        "id": 2,
        "seek": 0,
        "start": 9.720000267028809,
        "end": 14.720000267028809,
        "text": " Over many a quaint and curious volume Of forgotten lore.",
        "tokens": [
          50850,
          4886,
          867,
          257,
          421,
          5114,
          293,
          6369,
          5523,
          2720,
          11832,
          27258,
          13,
          51100
        ],
        "temperature": 0.0,
        "avg_logprob": -0.35537683963775635,
        "compression_ratio": 1.5420560836791992,
        "no_speech_prob": 0.06522621214389801
      },
      {
        "id": 3,
        "seek": 0,
        "start": 14.720000267028809,
        "end": 19.239999771118164,
        "text": " While I nodded, nearly napping, Suddenly there came a tapping,",
        "tokens": [
          51100,
          3987,
          286,
          15224,
          9207,
          11,
          6217,
          1667,
          3759,
          11,
          21194,
          456,
          1361,
          257,
          21444,
          11,
          51326
        ],
        "temperature": 0.0,
        "avg_logprob": -0.35537683963775635,
        "compression_ratio": 1.5420560836791992,
        "no_speech_prob": 0.06522621214389801
      },
      {
        "id": 4,
        "seek": 0,
        "start": 19.239999771118164,
        "end": 23.799999237060547,
        "text": " As of someone gently rapping, Rapping at my chamber door.",
        "tokens": [
          51326,
          1018,
          295,
          1580,
          13073,
          44333,
          11,
          497,
          10534,
          412,
          452,
          13610,
          2853,
          13,
          51554
        ],
        "temperature": 0.0,
        "avg_logprob": -0.35537683963775635,
        "compression_ratio": 1.5420560836791992,
        "no_speech_prob": 0.06522621214389801
      },
      {
        "id": 5,
        "seek": 0,
        "start": 23.799999237060547,
        "end": 28.68000030517578,
        "text": " \"'Tis some visitor,\" I muttered, Tapping at my chamber door.",
        "tokens": [
          51554,
          24543,
          51,
          271,
          512,
          28222,
          2494,
          286,
          5839,
          40665,
          11,
          314,
          10534,
          412,
          452,
          13610,
          2853,
          13,
          51798
        ],
        "temperature": 0.0,
        "avg_logprob": -0.35537683963775635,
        "compression_ratio": 1.5420560836791992,
        "no_speech_prob": 0.06522621214389801
      },
      {
        "id": 6,
        "seek": 2868,
        "start": 28.68000030517578,
        "end": 31.079999923706055,
        "text": " Only this, and nothing more.",
        "tokens": [
          50384,
          5686,
          341,
          11,
          293,
          1825,
          544,
          13,
          50484
        ],
        "temperature": 0.0,
        "avg_logprob": -0.6044084429740906,
        "compression_ratio": 0.8235294222831726,
        "no_speech_prob": 0.043991442769765854
      }
    ]
  }